{
"width": 4160, "height": 6240,
"format": "jpg",
"pixelSizeInMM": 0.0600356,
"type":"ptm",
"colorspace":"rgb",
"lights": [-220.184, 32.905, 231.088, -139.062, 206.918, 196.873, 0.772, 208.910, 245.304, 94.526, 127.105, 284.773, 95.513, -50.696, 309.834, -6.056, -161.839, 282.530, -156.418, -150.357, 237.186, -239.039, -40.438, 206.706, -271.007, 29.441, 155.254, -206.294, 179.774, 152.980, -54.950, 253.455, 180.801, -170.583, 141.282, 232.339, 94.971, 204.995, 227.377, 168.035, 42.188, 274.917, 77.377, -150.309, 277.831, -84.308, -208.183, 228.877, -225.033, -130.643, 179.307, -263.425, 120.253, 108.399, -142.231, 249.533, 116.624, 40.150, 270.403, 153.572, 182.758, 157.163, 208.604, 190.521, -84.683, 245.710, -76.392, 180.219, 257.344, 20.408, -236.811, 213.041, -174.948, -210.944, 152.048, -278.222, -67.024, 120.001, -297.065, 28.504, 60.660, -216.255, 205.522, 61.537, -46.763, 291.419, 83.742, 146.769, 241.297, 131.167, 255.757, 40.744, 181.421, 149.175, -208.534, 185.757, -73.850, -273.770, 127.961, 25.056, 147.622, 289.962, -244.121, -165.335, 85.402, -272.932, 123.472, 13.787, -131.171, 269.546, 18.207, 69.559, 290.693, 55.673, 237.586, 169.713, 98.922, 262.146, -105.939, 130.280, 55.152, -286.073, 101.556, -167.959, -247.505, 53.045, -285.933, -90.656, 34.891, 64.673, 37.771, 320.501, 15.551, -88.967, 316.082, -80.085, -126.768, 289.839, -181.367, -77.088, 256.194, -229.881, 100.432, 194.523],
"nplanes": 18,
"quality": 95,
"materials": [
{
 "scale": [0.483434,0.598876,0.632845,0.309199,0.375946,0.400141,0.323337,0.403025,0.429608,0.419966,0.495313,0.537387,0.290156,0.356592,0.390701,0.393396,0.488166,0.532634],
 "bias": [-0.0240815,-0.0290388,-0.0327758,0.581783,0.606625,0.620588,0.469317,0.458163,0.460509,0.898818,0.936779,0.933853,0.49535,0.523105,0.55638,0.907557,0.921209,0.920322] }
]
}
