{
"width": 6240, "height": 4160,
"format": "jpg",
"pixelSizeInMM": 0.0563842,
"type":"ptm",
"colorspace":"rgb",
"lights": [193.609, 82.696, 243.722, 180.582, -50.361, 264.209, 99.897, -142.255, 274.508, -47.623, -152.607, 283.856, -147.055, -55.543, 285.519, -136.127, 111.240, 273.095, -35.581, 189.757, 259.622, 40.281, 230.570, 217.656, 180.358, 157.947, 210.343, 232.409, 17.557, 218.886, 122.989, 105.861, 282.323, 177.239, -131.111, 233.460, 38.663, -202.874, 247.594, -134.988, -142.292, 257.005, -196.217, 39.720, 253.431, -112.840, 190.651, 232.285, 125.054, 232.783, 172.034, 243.279, 100.757, 173.748, 249.797, -69.436, 180.931, 135.229, -203.745, 203.785, -59.072, -224.835, 219.630, 152.585, 11.035, 288.062, -214.985, -76.544, 224.737, -193.555, 149.906, 203.391, -53.367, 253.353, 181.539, 42.732, 280.371, 127.807, 210.599, 191.436, 124.872, 282.043, 21.655, 129.914, 223.815, -163.870, 144.251, 51.896, -264.921, 160.858, -167.423, -195.911, 183.586, -261.452, 53.092, 167.202, 118.589, -83.134, 292.727, -138.650, 239.465, 145.899, 140.042, 259.958, 83.009, 272.347, 112.882, 85.542, 282.509, -80.560, 90.816, 168.609, -237.407, 102.173, -52.809, -283.396, 113.052, -270.818, -91.407, 121.118, -230.754, 179.157, 98.230, -57.070, 288.656, 88.490, 24.986, -125.250, 301.455, -86.818, -87.855, 303.394, -118.177, 21.903, 304.872, -63.522, 124.891, 295.268, 96.566, 174.935, 253.770, 28.625, 156.765, 284.176],
"nplanes": 18,
"quality": 95,
"materials": [
{
 "scale": [0.484298,0.606724,0.653495,0.29127,0.352746,0.380522,0.318436,0.389643,0.415425,0.357342,0.414022,0.452002,0.282592,0.340983,0.368368,0.342401,0.407307,0.44021],
 "bias": [-0.0115793,-0.0151397,-0.0145314,0.499983,0.486658,0.483856,0.461016,0.455938,0.449718,0.886795,0.933348,0.924885,0.483845,0.477706,0.461415,0.888115,0.928709,0.935989] }
]
}
