{
"width": 6240, "height": 4160,
"format": "jpg",
"pixelSizeInMM": 0.0572931,
"type":"ptm",
"colorspace":"rgb",
"lights": [271.427, -65.694, 139.597, 38.413, 146.415, 289.012, 167.151, 30.561, 277.238, 132.266, -125.598, 268.182, 30.943, -200.008, 251.448, -109.746, -185.469, 238.703, -198.385, -82.996, 239.177, -199.805, 54.848, 246.956, -122.175, 142.961, 263.742, -46.810, 206.559, 242.467, 150.821, 125.913, 256.714, -41.224, 123.931, 300.077, 206.017, -64.255, 238.394, 113.121, -204.310, 218.311, -44.426, -240.016, 204.410, -184.408, -162.536, 201.976, -242.712, -13.499, 205.808, -196.974, 130.189, 215.073, 240.282, 41.669, 204.724, 203.687, -160.848, 180.464, 49.789, -260.712, 169.823, -129.447, -237.978, 158.880, 78.278, 67.428, 311.649, -246.717, -108.286, 161.926, -255.733, 73.403, 168.610, -150.863, 208.204, 184.568, -50.402, 276.445, 135.062, 211.366, 174.683, 151.698, 142.971, -245.898, 125.360, -47.180, -283.321, 116.621, -209.717, -196.440, 116.199, -286.214, -17.033, 118.268, -231.627, 166.203, 123.410, 114.445, -47.275, 303.254, 91.373, 280.339, 85.328, 290.613, 50.706, 84.524, 238.774, -175.672, 76.113, 62.674, -289.970, 74.603, -138.817, -262.647, 71.790, -270.658, -122.714, 71.059, -286.420, 81.150, 67.127, -171.900, 242.089, 72.935, 63.589, -140.774, 287.175, -42.466, -169.568, 273.810, -139.765, -116.477, 268.535, -177.951, -13.259, 271.159, -142.871, 92.127, 277.185],
"nplanes": 18,
"quality": 95,
"materials": [
{
 "scale": [0.313066,0.397817,0.423987,0.194145,0.232546,0.242749,0.208108,0.256182,0.265434,0.261603,0.308949,0.332746,0.199316,0.238607,0.261156,0.251027,0.304118,0.322283],
 "bias": [-0.013266,-0.0138084,-0.0142436,0.461385,0.463949,0.456818,0.476039,0.479342,0.466864,0.875475,0.929045,0.928244,0.480894,0.466489,0.442649,0.892257,0.924263,0.923622] }
]
}
