{
"width": 6240, "height": 4160,
"format": "jpg",
"pixelSizeInMM": 0.0572931,
"type":"ptm",
"colorspace":"rgb",
"lights": [251.169, -50.294, 126.155, 41.778, 137.545, 233.317, 147.721, 42.576, 227.616, 121.131, -92.829, 228.283, 34.044, -162.868, 219.630, -91.019, -153.348, 211.247, -168.425, -61.601, 210.496, -165.220, 60.782, 212.915, -93.584, 135.912, 220.539, -29.741, 188.747, 201.279, 133.884, 121.142, 209.582, -23.453, 119.428, 244.202, 184.323, -40.669, 203.176, 106.614, -169.929, 193.064, -34.698, -207.146, 184.211, -161.366, -137.503, 182.260, -210.834, -1.544, 183.417, -164.498, 126.141, 186.861, 213.760, 49.905, 174.490, 188.317, -133.913, 161.322, 50.280, -230.527, 155.281, -115.668, -212.950, 146.843, 74.101, 73.479, 251.265, -222.675, -91.871, 148.817, -225.987, 75.782, 152.172, -125.124, 194.566, 161.018, -38.789, 257.002, 119.817, 191.481, 164.975, 131.611, 137.106, -222.836, 116.785, -41.458, -262.070, 110.002, -195.043, -180.153, 109.653, -264.777, -9.820, 110.701, -208.792, 160.791, 113.359, 104.468, -22.223, 250.344, 88.468, 265.510, 78.063, 274.434, 53.965, 78.508, 230.176, -162.853, 72.459, 62.395, -275.247, 71.714, -132.184, -250.337, 69.292, -259.050, -114.868, 68.480, -272.762, 81.809, 64.382, -159.400, 234.158, 68.801, 62.467, -105.285, 243.885, -29.398, -133.938, 236.827, -114.251, -88.422, 232.923, -145.201, 2.427, 232.509, -111.414, 93.210, 232.486],
"nplanes": 18,
"quality": 95,
"materials": [
{
 "scale": [0.279067,0.352049,0.373518,0.198478,0.237848,0.247789,0.212708,0.26149,0.270879,0.228738,0.269016,0.287102,0.201329,0.243621,0.266661,0.229925,0.275909,0.283934],
 "bias": [-0.0109547,-0.0116122,-0.011932,0.462414,0.463067,0.45771,0.469603,0.472195,0.459641,0.811059,0.864464,0.865067,0.47862,0.463917,0.441027,0.802997,0.83678,0.838894] }
]
}
