{
"width": 6240, "height": 4160,
"format": "jpg",
"pixelSizeInMM": 0.0552501,
"type":"ptm",
"colorspace":"rgb",
"lights": [24.589, 167.734, 277.509, 190.515, 92.398, 242.524, 186.968, -47.175, 259.821, 99.023, -141.969, 275.029, -50.376, -147.902, 286.100, -162.756, -46.841, 277.622, -152.475, 106.404, 265.435, -43.467, 193.113, 255.428, 30.731, 231.187, 218.701, 169.160, 164.730, 215.065, 230.466, 17.086, 221.294, 120.291, 118.948, 277.753, 173.507, -135.689, 233.676, 34.008, -203.527, 247.762, -145.470, -137.927, 253.192, -209.267, 35.300, 242.040, -127.970, 188.687, 224.990, 116.166, 232.016, 180.580, 239.067, 98.859, 181.900, 244.043, -71.570, 189.126, 132.498, -209.019, 199.574, -68.213, -227.624, 213.124, 157.143, 26.420, 284.181, -230.761, -80.440, 204.008, -209.211, 141.211, 192.142, -64.884, 248.242, 185.454, 34.943, 278.360, 136.275, 204.641, 190.477, 138.814, 274.738, 16.977, 149.292, 215.565, -171.274, 149.151, 46.199, -267.255, 158.221, -185.981, -194.443, 162.676, -269.275, 43.884, 154.761, 120.333, -73.636, 294.760, -156.771, 229.014, 143.910, 135.557, 258.209, 100.375, 270.238, 106.927, 104.419, 277.076, -87.383, 104.786, 153.466, -247.653, 101.528, -71.803, -282.185, 102.223, -272.548, -98.468, 107.598, -242.711, 162.805, 97.718, -67.796, 283.206, 102.097, 21.207, -118.078, 304.969, -87.420, -77.823, 306.227, -130.864, 32.514, 297.988, -81.426, 132.671, 286.453, 89.025, 186.342, 247.604],
"nplanes": 18,
"quality": 95,
"materials": [
{
 "scale": [0.521699,0.648884,0.699807,0.314907,0.375817,0.402441,0.352552,0.429372,0.457449,0.39737,0.459243,0.50407,0.316102,0.381295,0.41647,0.401656,0.463405,0.494237],
 "bias": [-0.0136815,-0.0155374,-0.0155319,0.510074,0.507165,0.506945,0.445669,0.441499,0.435789,0.900105,0.934272,0.926856,0.465745,0.447082,0.425812,0.86805,0.907801,0.919336] }
]
}
