{
"width": 6240, "height": 4160,
"format": "jpg",
"pixelSizeInMM": 0.0412283,
"type":"ptm",
"colorspace":"rgb",
"lights": [-36.164, 166.939, 276.624, 64.756, 127.314, 293.814, 102.499, 21.276, 311.143, 50.494, -91.194, 311.308, -53.245, -129.584, 295.279, -145.077, -87.090, 277.726, -173.569, 14.176, 274.281, -134.576, 114.660, 272.368, 33.172, 196.295, 254.428, 152.145, 107.387, 265.202, 133.446, -60.530, 291.779, 19.772, -160.782, 282.504, -121.086, -151.699, 258.748, -206.070, -53.926, 241.252, -197.472, 92.402, 236.074, -106.890, 185.474, 240.176, -32.358, 242.455, 203.691, 126.145, 192.569, 222.366, 206.940, 24.759, 245.784, 118.546, -162.628, 252.484, -58.006, -216.502, 229.405, -199.911, -134.558, 208.689, -249.172, 17.906, 196.111, -182.494, 169.326, 197.406, 56.170, 258.926, 170.721, 215.611, 134.229, 189.670, 219.904, -92.605, 211.842, 51.305, -243.300, 197.848, -149.594, -219.151, 169.981, -259.216, -76.495, 160.214, -250.822, 110.368, 152.095, -124.361, 244.305, 151.858, -35.832, 287.202, 108.939, 164.818, 232.304, 124.180, 274.900, 33.076, 145.482, 170.048, -214.118, 153.439, -58.468, -276.521, 130.587, -225.593, -178.468, 115.187, -234.057, -166.992, 115.622, -210.612, 198.903, 107.977, 71.326, 289.328, 64.672, 256.959, 149.431, 70.525, 273.582, -108.822, 87.538, 67.517, -287.723, 81.542, -160.573, -250.455, 68.581, -283.947, -89.533, 66.847, -274.860, 116.329, 60.325, -136.338, 265.252, 62.451],
"nplanes": 18,
"quality": 95,
"materials": [
{
 "scale": [0.615164,0.744001,0.775906,0.346235,0.414837,0.436514,0.401417,0.488285,0.514154,0.465344,0.555258,0.599189,0.35905,0.44772,0.47957,0.471432,0.560367,0.586551],
 "bias": [-0.00436628,-0.00526511,-0.00335974,0.536032,0.548356,0.551557,0.452348,0.448242,0.442317,0.918245,0.921136,0.904626,0.506068,0.532908,0.545227,0.906052,0.914842,0.906892] }
]
}
