{
"width": 6240, "height": 4160,
"format": "jpg",
"pixelSizeInMM": 0.0659652,
"type":"ptm",
"colorspace":"rgb",
"lights": [0.026, 0.622, 0.972, 0.449, 0.404, 0.984, 0.582, -0.038, 0.996, 0.387, -0.447, 0.992, -0.049, -0.602, 0.983, -0.481, -0.411, 0.965, -0.629, 0.029, 0.966, -0.432, 0.464, 0.964, 0.324, 0.684, 0.866, 0.745, 0.280, 0.828, 0.672, -0.331, 0.873, 0.264, -0.705, 0.870, -0.361, -0.692, 0.844, -0.745, -0.273, 0.830, -0.709, 0.361, 0.829, -0.287, 0.734, 0.836, 0.034, 0.912, 0.688, 0.672, 0.615, 0.691, 0.896, -0.053, 0.709, 0.594, -0.673, 0.709, -0.068, -0.911, 0.687, -0.688, -0.596, 0.692, -0.931, 0.051, 0.659, -0.640, 0.672, 0.666, 0.418, 0.929, 0.503, 0.950, 0.357, 0.511, 0.908, -0.446, 0.518, 0.345, -0.950, 0.521, -0.446, -0.918, 0.499, -0.966, -0.352, 0.482, -0.928, 0.459, 0.465, -0.370, 0.955, 0.491, 0.029, 1.095, 0.266, 0.794, 0.745, 0.295, 1.081, -0.040, 0.323, 0.725, -0.802, 0.326, -0.074, -1.087, 0.293, -0.813, -0.730, 0.280, -1.093, 0.055, 0.269, -0.744, 0.804, 0.265, 0.449, 1.023, 0.083, 1.048, 0.385, 0.096, 1.009, -0.475, 0.111, 0.392, -1.045, 0.095, -0.472, -1.013, 0.058, -1.048, -0.388, 0.063, -1.009, 0.479, 0.045, -0.399, 1.043, 0.068],
"nplanes": 18,
"quality": 100,
"colorProfile": "sRGB IEC61966-21",
"materials": [
{
 "scale": [0.592269,0.721413,0.758722,0.316054,0.387418,0.412854,0.380802,0.469921,0.500239,0.389908,0.472314,0.520565,0.303482,0.379878,0.40866,0.407458,0.484528,0.51163],
 "bias": [0.0027555,0.00393301,0.00647717,0.508245,0.510771,0.506853,0.46705,0.465333,0.461215,0.915931,0.908515,0.895366,0.524767,0.549515,0.557063,0.89323,0.903139,0.899868] }
]
}
